feature,importance_mean
Inventory Level,31.28950060575583
Price,0.20567800678773834
Competitor Pricing,0.11711706265973447
DayOfWeek,0.07662208400096375
Seasonality,0.05746906837865708
Discount,0.010665674671825798
Weather Condition,0.007308087132125251
Holiday/Promotion,-0.007710164112729956
rolling_7_mean,-0.014434532998851068
Month,-0.09465140685796455
lag_1,-0.1077395802455996
